{"mag_hardiron":[-24.43875885,-27.66291046,-74.84729004],"mag_softiron":[0.993403435,-0.023313481,-0.008625892,-0.023313481,0.95251441,0.027904341,-0.008625892,0.027904341,1.058312893],"mag_field":45.8232193,"gyro_zerorate":[0.0195,0.0097,0.014],"accel_zerog":[-0.995329976,-0.981159985,-1.025699973]}